team,era,season,betweenness_mean,centralization,density,clustering
Manchester City WFC,pre_covid,2018/19,0.08687474793724793,0.24774720413619017,0.8063103563103564,0.15429280913188742
Arsenal WFC,pre_covid,2018/19,0.09326588689088687,0.31585106731522816,0.7862637362637364,0.17083739222776267
Reading WFC,pre_covid,2018/19,0.08616860098590867,0.25675930642568173,0.8011988011988012,0.16878633615952812
Chelsea FCW,pre_covid,2018/19,0.08660726804523798,0.2728913395319358,0.7757418020575917,0.15306012988823806
Brighton & Hove Albion WFC,pre_covid,2018/19,0.07778543615949632,0.19658896541441626,0.7896682265103316,0.16611241098828072
West Ham United LFC,pre_covid,2018/19,0.08357606348677778,0.24910210220044132,0.7785381285381285,0.1631608461875806
Everton LFC,pre_covid,2018/19,0.07693997209974654,0.2236340597048639,0.7353856669646143,0.17954379182697836
Birmingham City WFC,pre_covid,2018/19,0.0884123478860321,0.2405118147402836,0.7837688627162311,0.1729260040453078
Yeovil Town LFC,pre_covid,2018/19,0.07126213722656753,0.2069756163656452,0.6728534623271465,0.19230096628393273
Bristol City WFC,pre_covid,2018/19,0.07852590465090466,0.23893758401337073,0.7382017982017981,0.18261950180738193
Liverpool WFC,pre_covid,2018/19,0.07627856131615529,0.21531619749714154,0.6972238288027761,0.1965434679905809
Manchester United W,covid,2020/21,0.08035994431161764,0.19655593428977183,0.6901182151182151,0.13299570409116254
Everton LFC,covid,2020/21,0.07802814759795279,0.2052033529987784,0.703950973269155,0.11955850418715493
West Ham United LFC,covid,2020/21,0.079719141488622,0.2245474778615177,0.7664532437259711,0.17263096894832453
Brighton & Hove Albion WFC,covid,2020/21,0.08009514340277325,0.21062246632094397,0.756072336754155,0.1806511982390288
Tottenham Hotspur Women,covid,2020/21,0.07318038269994052,0.2238120924133857,0.7002703645560788,0.14047607198672257
Birmingham City WFC,covid,2020/21,0.07586780062970538,0.18753899051173206,0.7031492317206602,0.15296704111823253
Aston Villa W,covid,2020/21,0.07405697912597263,0.22076377487516732,0.6606893106893107,0.1742937024041717
Manchester City WFC,covid,2020/21,0.08343710000246478,0.24807624217767923,0.7470264583900948,0.12092961986573782
Arsenal WFC,covid,2020/21,0.0825529379831328,0.2703700730386236,0.7818582932219297,0.12996835756340278
Chelsea FCW,covid,2020/21,0.0790452517359985,0.19962407712181152,0.7070720945720946,0.12026650166350737
Reading WFC,covid,2020/21,0.07895397651891158,0.24760486235757176,0.7605773014863921,0.16265395305116742
Bristol City WFC,covid,2020/21,0.07199236129430936,0.16442716900910329,0.6526435685526594,0.14364889291493618
Brighton & Hove Albion WFC,post_covid,2023/24,0.06891888181863833,0.1932630559205175,0.7008408258408256,0.1431095993448816
Manchester United W,post_covid,2023/24,0.07887551436658578,0.22418527481007863,0.6723984348984349,0.10492936460224166
Manchester City WFC,post_covid,2023/24,0.08411261763128647,0.24105284232381755,0.7688357097448008,0.13133296123075566
Tottenham Hotspur Women,post_covid,2023/24,0.07778855103530428,0.21293845686232468,0.6954961704961705,0.14276221352437662
Aston Villa W,post_covid,2023/24,0.08539192619549761,0.22195054421871435,0.6897674295401567,0.12572500755447918
West Ham United LFC,post_covid,2023/24,0.07864271160537394,0.23009631015993326,0.7333378742469651,0.16070849967188205
Chelsea FCW,post_covid,2023/24,0.0747949743824182,0.22856263122782322,0.708620546120546,0.11228646513577863
Everton LFC,post_covid,2023/24,0.07680862938168133,0.2167381631313414,0.6867465867465867,0.12099866764458857
Bristol City WFC,post_covid,2023/24,0.0683678106405379,0.1862918352065228,0.6392626313080858,0.1565434575094358
Liverpool WFC,post_covid,2023/24,0.07522669572791324,0.19756303832203803,0.67466132352496,0.12554406012153937
Leicester City WFC,post_covid,2023/24,0.07829713719121188,0.24820497221127544,0.6818847818847819,0.11704891719231934
Arsenal WFC,post_covid,2023/24,0.075992215947417,0.25041662276509574,0.694576257076257,0.1258607784430976
