team,era,season,matches_played,possession_pct,pass_completion_pct,passes_per_90,progressive_passes_per_90,avg_pass_length,long_ball_pct,pressures_per_90,shots_per_90,xg_per_90,xg_per_shot,dribbles_per_90,carries_per_90,avg_carry_length
Arsenal WFC,pre_covid,2018/19,20,53.50147054975939,80.66596931659693,573.6,213.9,21.09950263775279,19.11610878661088,131.45000000000002,18.650000000000002,2.494757226375,0.13376714350536192,20.25,502.6,5.7025305167516365
Birmingham City WFC,pre_covid,2018/19,19,52.4527885909312,78.37785707397049,545.7368421052631,198.89473684210526,20.942242278416433,18.58424148905391,136.0,13.368421052631579,1.2228418786526318,0.0914724239937008,21.157894736842103,474.7894736842105,5.793977363636104
Brighton & Hove Albion WFC,pre_covid,2018/19,19,49.00687789228169,66.58490051785228,386.2105263157895,178.89473684210526,22.6875258959662,24.270918506405014,169.1578947368421,10.894736842105262,1.1395911654368418,0.1046001552816425,14.421052631578947,306.7894736842105,5.610652926555277
Bristol City WFC,pre_covid,2018/19,20,47.41613352593528,60.487206986364335,326.35,167.20000000000002,24.428906990148615,27.378581277769268,196.60000000000002,7.65,0.6330380892,0.08275007701960785,16.150000000000002,254.55,6.071323836309184
Chelsea FCW,pre_covid,2018/19,19,52.81478888877089,77.1252492296538,580.7368421052631,215.42105263157893,21.86585041574225,21.52437919158963,128.1578947368421,20.63157894736842,2.1795910922263158,0.10564344579668368,17.94736842105263,489.05263157894734,5.5357496015456915
Everton LFC,pre_covid,2018/19,19,49.91110586042689,66.89231540679454,419.84210526315786,188.36842105263156,21.798370052099784,22.050896326939952,181.94736842105263,12.105263157894736,1.0637620498842104,0.08787599542521739,15.894736842105262,320.1578947368421,5.372834037852217
Liverpool WFC,pre_covid,2018/19,19,46.54556703593648,63.49229011993147,368.6315789473684,180.42105263157893,22.780983482467164,23.829240434037693,189.68421052631578,9.31578947368421,1.0276963050263157,0.11031768246045198,20.52631578947368,280.10526315789474,6.134545763013079
Manchester City WFC,pre_covid,2018/19,20,52.38519694538824,79.92175143594439,600.65,229.95000000000002,21.026042702022806,19.870140680928994,154.20000000000002,19.450000000000003,2.3710055977399995,0.12190260142622106,23.150000000000002,511.25,4.761884530611638
Reading WFC,pre_covid,2018/19,20,50.97928272958037,71.00689087730125,486.15000000000003,209.60000000000002,21.351679631430628,21.156021803969967,135.0,14.75,1.40628199431,0.09534115215661017,15.700000000000001,391.40000000000003,5.55980139907019
West Ham United LFC,pre_covid,2018/19,20,49.59946614787424,69.25562608193883,433.25,195.05,22.93153167572995,24.443162146566646,147.3,10.850000000000001,1.218697122695,0.11232231545576037,17.1,346.15000000000003,5.303481090779765
Yeovil Town LFC,pre_covid,2018/19,19,45.183029733192306,55.993958844629034,278.7894736842105,150.42105263157893,25.702891102340946,32.188030960921274,179.52631578947367,6.789473684210526,0.6427146585526315,0.09466339932170544,14.526315789473683,205.78947368421052,5.794139465811112
Arsenal WFC,covid,2020/21,22,54.88723965361451,82.53648716658279,632.2272727272727,211.36363636363637,20.701639967013445,18.628226328276657,122.13636363636364,16.772727272727273,2.4498902722318183,0.1460639186696477,21.59090909090909,535.8636363636364,5.251774666107646
Aston Villa W,covid,2020/21,22,46.79250767834553,67.0247609065898,346.95454545454544,151.8181818181818,22.183812851270797,23.961745054369185,180.9090909090909,7.272727272727273,0.7014002352,0.09644253234,21.772727272727273,266.95454545454544,6.1442588378403284
Birmingham City WFC,covid,2020/21,21,48.656511986506914,63.3128295254833,325.1428571428571,146.8095238095238,22.95695680531195,24.502050380785004,170.47619047619045,5.619047619047619,0.5311631911285715,0.09452904248898306,13.428571428571427,242.19047619047618,5.457853799782641
Brighton & Hove Albion WFC,covid,2020/21,22,47.80809133440489,69.09678163571346,394.04545454545456,166.04545454545456,21.718416153887414,22.759257123082246,173.0,9.590909090909092,0.9476578126454547,0.09880792359336493,13.590909090909092,287.7727272727273,5.355850102891555
Bristol City WFC,covid,2020/21,22,47.05900083883028,62.24150397686189,314.3181818181818,151.0,23.975287075770062,27.013738250180765,173.22727272727272,8.545454545454545,0.7732109713590909,0.09048213494627659,17.181818181818183,227.27272727272728,5.864830793684152
Chelsea FCW,covid,2020/21,22,50.76186436673465,80.58341627746726,593.6818181818182,209.95454545454547,21.782607556270573,20.940203659750402,144.86363636363637,19.545454545454547,2.675144686481818,0.1368678676804651,14.954545454545455,465.22727272727275,5.322466311901851
Everton LFC,covid,2020/21,22,51.11393696046958,76.65094339622641,520.3636363636364,184.54545454545456,20.623871799143956,18.387491264849757,165.5,11.545454545454545,1.4229819991818182,0.12325040937795276,17.31818181818182,398.3636363636364,5.259521749276436
Manchester City WFC,covid,2020/21,22,53.533091139353694,84.26950650796965,653.0454545454546,196.0909090909091,19.64875975148465,15.772255864133083,144.4090909090909,19.31818181818182,2.629342515077273,0.13610714195694118,25.636363636363637,543.0454545454545,5.6046143830479656
Manchester United W,covid,2020/21,22,50.14406795886162,76.47004352254838,490.8636363636364,181.0909090909091,20.516762914015185,18.751736271877025,161.0909090909091,17.363636363636363,1.921036656859091,0.11063561898141362,19.81818181818182,382.0909090909091,5.5590097908632226
Reading WFC,covid,2020/21,22,49.47840586111121,73.0341704405105,441.6363636363636,178.36363636363637,21.5279286880774,21.84026348291478,161.77272727272728,12.863636363636363,1.2754534419409091,0.09915185767738516,16.181818181818183,342.3636363636364,5.402777240274716
Tottenham Hotspur Women,covid,2020/21,21,50.28706082236824,73.20647419072615,435.4285714285714,173.76190476190476,21.412670808593614,21.084864391951005,160.9047619047619,9.476190476190476,0.9715799322666667,0.10252853556582915,18.428571428571427,340.38095238095235,5.529122787568365
West Ham United LFC,covid,2020/21,22,49.430201981620456,67.24389969639041,404.22727272727275,176.36363636363637,22.561810651435962,24.479928033284605,178.9090909090909,10.40909090909091,1.06149829805,0.1019780024327511,17.227272727272727,284.3636363636364,5.816892669542092
Arsenal WFC,post_covid,2023/24,22,53.90643830249942,82.50323169340734,597.7727272727273,190.8181818181818,19.682708397181965,15.831495703748764,151.22727272727272,19.90909090909091,2.4700360064545457,0.12406573548401828,16.272727272727273,511.5909090909091,5.528071237084197
Aston Villa W,post_covid,2023/24,22,50.63397139022384,79.91460290350128,532.2727272727273,170.6818181818182,19.247545677207512,16.122971818958156,185.77272727272728,11.818181818181818,1.1419140963363636,0.09662350045923077,15.681818181818182,425.40909090909093,5.522671706144675
Brighton & Hove Albion WFC,post_covid,2023/24,22,49.25078647522134,74.61300309597523,440.45454545454544,162.0909090909091,20.233988583236325,18.24561403508772,212.3181818181818,9.5,1.1168748291681818,0.11756577149138756,13.40909090909091,360.90909090909093,5.216310674892656
Bristol City WFC,post_covid,2023/24,22,47.81908596897545,67.03533854869167,337.0,144.27272727272728,21.27015941104802,21.6752090639331,213.6818181818182,7.5,0.7669299929090908,0.10225733238787878,12.954545454545455,250.8181818181818,5.76809960417565
Chelsea FCW,post_covid,2023/24,22,51.37883509534534,81.72868968603177,609.5,201.77272727272728,20.01912542439034,16.511298381683943,173.36363636363637,19.454545454545457,2.542745342240909,0.13070186338621495,16.681818181818183,501.22727272727275,5.423008975302744
Everton LFC,post_covid,2023/24,22,49.197945710891574,78.50081581725694,473.5909090909091,157.1818181818182,19.047991078467224,13.696132066417123,214.54545454545456,8.772727272727273,1.033120032509091,0.11776497779896374,16.136363636363637,393.7727272727273,5.484308687408528
Leicester City WFC,post_covid,2023/24,22,49.40187628828244,76.26943976016489,485.1818181818182,176.4090909090909,19.431096334246764,16.057710324152147,211.8181818181818,12.227272727272728,1.2388249160227274,0.10131653588289963,13.181818181818182,384.1818181818182,5.249557288378315
Liverpool WFC,post_covid,2023/24,22,48.10160259137097,74.37307098765432,471.2727272727273,180.9090909090909,21.15839052914159,20.97800925925926,207.13636363636365,12.090909090909092,1.2075264803318182,0.09987061115526315,12.545454545454545,340.0,5.203109971898588
Manchester City WFC,post_covid,2023/24,22,52.64502316851102,85.09334678872631,630.5909090909091,180.95454545454547,19.197666429114108,13.983997693361205,162.4090909090909,19.545454545454547,2.155243848545455,0.1102682899255814,18.81818181818182,546.1818181818182,5.476594826691373
Manchester United W,post_covid,2023/24,22,50.95453219492256,81.18353762480722,559.9545454545455,182.0909090909091,19.82382371718159,16.153908596476988,192.45454545454547,15.227272727272728,1.6305735055727275,0.10708243917194031,17.363636363636363,466.04545454545456,5.182678874999025
Tottenham Hotspur Women,post_covid,2023/24,22,48.46187528674379,80.97478693181819,512.0,173.0909090909091,19.485404640389735,15.696022727272727,204.27272727272728,13.818181818181818,1.4326639727181818,0.10367962960460525,19.5,416.5909090909091,5.4563485318602085
West Ham United LFC,post_covid,2023/24,22,48.24802752701225,74.73604826546003,421.90909090909093,168.0909090909091,21.336107033333334,21.073044602456367,221.22727272727272,10.545454545454545,1.1321572128954547,0.10735973570560345,13.136363636363637,333.8181818181818,5.733060786331619
