feature,f_stat,p_value,mean_2018/19,mean_2020/21,mean_2023/24
avg_pass_length,12.32413171123807,0.00010750137978786663,22.419593351283417,21.634210418522915,19.99450060457821
pressures_per_90,10.468634043563208,0.00031784490332447573,159.00215311004783,161.43326118326118,195.85227272727275
long_ball_pct,9.986650169302361,0.00042649596053756695,23.128338327708477,21.510146675454546,17.168784522733958
pass_completion_pct,4.017775160866828,0.027750244324677698,69.98218326281611,72.97256810358915,78.07715934195792
progressive_passes_per_90,2.9990777641956146,0.06400286235324389,193.4655502392344,177.26731601731603,174.030303030303
dribbles_per_90,2.7516910090688635,0.07893556342683207,17.893062200956933,18.094155844155843,15.47348484848485
avg_carry_length,0.9962222502978488,0.380435730174957,5.6037200483578085,5.547414427731748,5.436985097097299
carries_per_90,0.841780997350461,0.4402622729708414,371.14856459330144,359.65746753246754,410.87878787878793
passes_per_90,0.8137021977257672,0.45217454146509295,454.5406698564593,462.66125541125547,505.9583333333334
xg_per_shot,0.7966521013908022,0.45957467623390635,0.10369603562208751,0.11140374880925082,0.10987970187113222
shots_per_90,0.15555809629887135,0.8565806831570256,13.132296650717704,12.360209235209235,13.367424242424242
xg_per_90,0.04943420590122636,0.9518403137311081,1.3999979254635404,1.446696667701876,1.4890508529753788
possession_pct,0.00019151190031629865,0.9998085075828399,49.98142799091609,49.9959983818518,49.99999999999999
